id,type,text1,text2,text3,text4,notes,Column 08,Column 09,Column 10
# Types: WEAPON,SHIP,RESOURCE,CUSTOM,ACTION_TOOLTIP,ASTEROID,PLANET,SHIP_SYSTEM,FACTION,TERRAIN
#astral,SHIP,Text goes here,,,,,,,
,,,,,,,,,
unsf_faction,FACTION,"Faction lost it space by experimental drive mounted on city ship, wormhole drive as it was called then suffered malfuncion and dropped city and its inhabitants near planet Oberon without power to engines. Rest is history.",,,,,,,
unsf_requisition,FACTION,"UNSF Requisition branch supplies the biggest ship, most powerful weapons and wings. Outsiders are usually not trusted to be issued such a tools, but well trusted individuals might get to buy some.",,,,,,,
,,,,,,,,,
,,,,,,,,,
,,,,,,,,,
unsf_aegirgast_station,CUSTOM,"Aegirgast, a gigastation built in the shadow of the shattered planet Aegir, is the lifeblood of the UNSF. The exposed resource veins of Aegir's remains are mined relentlessly, fueling the faction’s growing economy, driving industrial production, and sustaining its military might with unmatched efficiency.",,,,,,,
unsf_nidavellir_station,CUSTOM,"Nidavellir, a gargantuan station orbiting perilously close to the star Nyxara, taps directly into solar energy, transforming it into the lifeblood of UNSF’s industry. Here, alloys are forged, ships take form, and the foundations of the faction’s expanding civilization are meticulously constructed.",,,,,,,
unsf_atlantis_station,CUSTOM,"Atlantis Station, affectionately dubbed 'New Atlantis' by locals, is a repository of the precious technologies scavenged from the ruins of its namesake, now submerged deep beneath Oberon’s oceans. This floating relic stands as both a symbol of UNSF's past and a beacon of its technological future, where each piece of recovered technology fuels progress and hope.",,,,,,,
,,,,,,,,,
unsf_ignara_planet,CUSTOM,"Ignara, the lone giant of the Niltrof system, only body with stable orbit, anchoring the system’s single jump point. Its importance to UNSF as the gateway to the system is immeasurable.",,,,,,,
unsf_oberon_planet,CUSTOM,"Oberon, a serene water world, bore witness to a cataclysmic event—the crash-landing of an entire city. This violent impact marked the planet’s first colonization, and though the city shield remained intact, city did not, and its wreckage rapidly sunk beneath he waves, the UNSF has since adapted to the challenges of settling a world of endless oceans scavenging what they can from only memory to their home.",,,,,,,
unsf_argos_planet,CUSTOM,"Argos, a frozen world of endless tundras and sub-zero temperatures, now serves as the backbone of UNSF’s fuel production efforts. Here, in the planet’s icy depths and harsh cold environment are exploited by cutting-edge refineries for massive fuel production.",,,,,,,
,,,,,,,,,
unsf_railgun_pd,WEAPON,"Basic missile and fighter defense system, shoots explosive projectiles to intercept incomming munitions and fighters.",,,,,,,
unsf_railgun_small,WEAPON,"Cornerstone of every UNSF ship is multipurpose railgun, this small variant is perfect for defending against incoming munitions, fighters or for supressing enemy that got too close. ",,,,,,,
unsf_railgun,WEAPON,Take two Type-1s make them larger and then weld them together. Perfect for cruisers as primary PD and suppresion weapon.   ,,,,,,,
,,,,,,,,,
,,,,,,,,,
"#PULSE WEAPONS - long range, medium damage",,,,,,,,,
unsf_railgun_3,WEAPON,This is evolution of railgun technology where slugs and rails are replaced by pulse charged coils and small charged-plasma capsules. ,,,,,,,
unsf_railgun_4,WEAPON,"After recovering first files on pulse weapon research from lost Atlantis, development started on large scale pulse cannons, resulting prototypes are now fitted to all UNSF battlecruisers as medium range weaponery.",,,,,,,
,,,,,,,,,
,,,,,,,,,
,,,,,,,,,
#ASGARD BEAMS - medium range delete beams,,,,,,,,,
unsf_asgbeam,WEAPON,Old Asgard designs of plasma beam weapons are well known for their power but less known for their relatively short range without massive powersupply.,,,,,,,
unsf_asgbeam_heavy,WEAPON,Evolution of Old Asgard technology upgraded by tachyon beam blueprints supplied by out TriTech allies.,,,,,,,
,,,,,,,,,
,,,,,,,,,
#DRONE WEAPONS - very angry missile,,,,,,,,,
unsf_dronelauncher,WEAPON,"A lot could be said but Alteran poem describes it best: ""Craft of minds from ancient days, forged in wisdom's endless gaze, I seek no throne, no crown, no name, but strike with force from which I came.""",,,,,,,
,,,,,,,,,
,,,,,,,,,
#VERTICAL LAUNCH MISSILE PODS - because US navy go brrr,,,,,,,,,
unsf_vls_1,WEAPON,Standard issue anti-ship missile with focus against frigates and destroyers.,,,,,,,
unsf_vls_2,WEAPON,"Naquadah enhanced anti-ship missiles, slower but more powerful with focus against cruisers.",,,,,,,
unsf_vls_3,WEAPON,First standard issue nuclear warhead tipped missiles with focus against capital ships.,,,,,,,
unsf_vls_4,WEAPON,Specialist anti-air missiles with proximity fused warhead disperse deadly cloud of flak near enemy fighters.,,,,,,,
unsf_horizon,WEAPON,"Only specialist anti-capital weapon, originaly deployed for planetary nuclear strikes was repurposed to anti-ship use. Due for lack of mines supplying Naquadria warheads are equiped with nuclear warheads with only parcial yield of original weapon.",,,,,,,
,,,,,,,,,
unsf_302,SHIP,"Wing of F-302 space fighters, were first space fighter developed by UNSF. Their versatility as space supperiority fighter and anti-ship capabilities makes them inexpendable part of every UNSF fleet.",,,,,,,
unsf_b302,SHIP,"Because of size constrains F-302s couldnt be fitted with Space JDAM weapons, this sparked development into dedicated space bomber.",,,,,,,
unsf_defense_drone,SHIP,"They are drones and they defend, what more can be said.",,,,,,,
,,,,,,,,,
unsf_Fenrir,SHIP,High tech patrol vessel with integrated Asgard Beam to handle bigger threats. Alone is very vulnerable but in pack these nordic wolfs can take on much bigger prey.,,,,,,,
unsf_prometheus,SHIP,"More of a relic of past, but many enemies made mistake thinking just that. Generaly used for escort Prometheus class is formidable because of her missiles and wing of F-302s.",,,,,,,
unsf_abydos,SHIP,"First dedicated transport vessel, equiped with built-it drone laucher more for deterence then self defense.",,,,,,,
unsf_tempest,SHIP,Stargates cant be used for high volume cargo and fuel transport but these vessel can. Fleet of Tempest freighters can haul enough supplies and fuel for largest fleets. ,,,,,,,
unsf_dauntless,SHIP,"Crew space among UNSF fleet is luxury, Dauntless class is answer to this demand. Equiped with many large crew quaters and transportation rings which allow to for crew to be transported without need for Asgard transporters. Some admirals are speculating if these vessels could be used to transport also marines and use rings to get them to and from planet and station surface to minimalise losses and increase raid efficiency.",,,,,,,
unsf_daedalus,SHIP,"Daedalus is back bone of fleet, many railguns, missiles, two asgard beams and 3 wings of F-302s. Best multipurpose cruiser in fleet.",,,,,,,
unsf_daedalus_refit,SHIP,"Dedicated carrier in UNSF fleet, adding large hangar bays to superstructure is intended for two wings of B-302 bombers.",,,,,,,
unsf_helios,SHIP,Heavy cruiser with lot of weapon and armor what more should be said.,,,,,,,
unsf_hyperion,SHIP,"Dedicated super freighter of UNSF fleet provides supplies and fuel for big fleets using its large cargo capacity, high burn, but lacks in armor and defense, therefore is supplied with two wings of D-302 drones. But should be escorted.",,,,,,,
unsf_astraios,SHIP,"First battlecruiser, some even consider it capital-class vessel. First ship in fleet with large weapon mounts, weapons for such big mounts are still under development but first prototypes are seeing service and are deployed on Astraios class vessels.",,,,,,,
,,,,,,,,,
,,,,,,,,,
