id,trigger,conditions,script,text,options,notes
# This file is not required by the game and can be deleted if you aren't using it, but doesn't hurt to keep either.,,,,,
# Official rules.csv guide: https://fractalsoftworks.com/2023/11/13/you-merely-adopted-rules-csv-i-was-born-into-it/,,,,,,
,,,,,,
#  TURORIAL HOW ITS DONE,,,,,,
#  BQFS real version,,,,,,
#  bqfsAskForSuppliesOptionDEV,PopulateOptions,"$global.isDevMode
$postId == supplyOfficer
$faction.c:offersCommissions",SetOptionColor bqfs_devResetCounter gray,,bqfs_devResetCounter:DEV unset resupply counter,
#  bqfsAskForSuppliesOptionDEV2,DialogOptionSelected,$option == bqfs_devResetCounter,"unset $faction.playerReceivedCommissionResupply
FireAll PopulateOptions",,,
#  bqfsIgnoringComms,PickGreeting,"$postId == supplyOfficer
$ignorePlayerCommRequests","ShowDefaultVisual
EndConversation NO_CONTINUE","You try to establish a comm link, but your request is denied.",,# mad at you for trying to cheat the system
#  bqfsAskForSuppliesOptionFirst,PopulateOptions,"$postId == supplyOfficer
$faction.c:offersCommissions
!$player.everAskedForFreeSupplies",,,"bqfs_askForSupplies:""Do you have any supplies to spare?""",
#  bqfsAskForSuppliesOptionAgain,PopulateOptions,"$postId == supplyOfficer
$faction.c:offersCommissions
$player.everAskedForFreeSupplies",FireAll BQFSaskForSuppliesOptCheck,,"bqfs_askForSupplies:""Do you have any supplies to spare?""",
#  bqfsAskForSuppliesOptAgainCheck,BQFSaskForSuppliesOptCheck,"Commission recalcFreeSupplyDaysRemaining
$faction.playerReceivedCommissionResupply
$player.fcm_faction == $personFaction.id","SetEnabled bqfs_askForSupplies false
SetTooltip bqfs_askForSupplies ""You must wait another $daysLeft days before you may be allocated emergency supplies due to your $faction commission.""
SetTooltipHighlights bqfs_askForSupplies ""$daysLeft days"" ""$faction""
SetTooltipHighlightColors bqfs_askForSupplies hColor $faction.id",,,
#  bqfsAskForSuppliesOptAgainCheck2,BQFSaskForSuppliesOptCheck,$player.fcm_faction != $personFaction.id,"SetEnabled bqfs_askForSupplies false
SetTooltip bqfs_askForSupplies ""The $post will only provide supplies to a $shipOrFleet in need and bearing a $faction commission.""
SetTooltipHighlights bqfs_askForSupplies ""$faction""
SetTooltipHighlightColors bqfs_askForSupplies $faction.id",,,
#  bqfsAskedForSuppliesFirstNo,DialogOptionSelected,"$option == bqfs_askForSupplies
!$player.everAskedForFreeSupplies
$player.fcm_faction != $personFaction.id","SetTextHighlightColors $faction.id
Highlight $faction
$player.everAskedForFreeSupplies = true
FireAll PopulateOptions","$HeOrShe glances at a secondary display, checking your $shipOrFleet ID.

""This isn't a charity, spacer,"" $heOrShe says, turning back to you. ""I'd only even consider your request if you held a $faction commission. And you don't. So don't waste my time.""",,"# yes, setting highlights on regular text has to be done in the opposite order from tooltips"
#  bqfsAskedForSuppliesFirstNoLuddic,DialogOptionSelected,"$option == bqfs_askForSupplies
!$player.everAskedForFreeSupplies
$player.fcm_faction != $personFaction.id
$faction.id == luddic_church","SetTextHighlightColors $faction.id
Highlight ""Church of Galactic Redemption"" 
$player.everAskedForFreeSupplies = true
FireAll PopulateOptions","$HeOrShe glances at a secondary display, checking your $shipOrFleet ID.

""Charity may be a virtue, spacer,"" $heOrShe says, ""but I'd only even consider your request if you were actually in need - and commissioned in service of the Church of Galactic Redemption.""

""Mind you that greed is a vice, so pray on that as you move along.""",,
#  bqfsAskedForSupplies,DialogOptionSelected,"$option == bqfs_askForSupplies
Commission doesPlayerFleetNeedRepairs","$player.everAskedForFreeSupplies = true
$option = bqfs_askForSupplies2 0
FireBest DialogOptionSelected","""Hmm,"" the $post looks over a secondary display, casually tapping through a few reports.",,
#  bqfsAskedForSuppliesB,DialogOptionSelected,"$option == bqfs_askForSupplies
!Commission doesPlayerFleetNeedRepairs","$player.everAskedForFreeSupplies = true
$option = bqfs_askForSupplies2 0
FireBest DialogOptionSelected","""Hmm,"" the $post looks over a secondary display, casually tapping through a few reports.",,
#  bqfsAskedForSuppliesHostile,DialogOptionSelected,"$option == bqfs_askForSupplies
$faction.isHostile",$ignorePlayerCommRequests = true 7,"The $post gives you a strange look, then glances at a secondary display. Then, looking slightly alarmed, back at you.

""Wait, are you-"" $HisOrHer eyes dart to the display. ""You're $playerName! Get yourself off of my comm-link.""

$HeOrShe mashes at the cut-off button.",,# don't actually flip the first-time flag 'cause player didn't get the essential game info out of this
#  bqfsAskedForSuppliesScam,DialogOptionSelected,"$option == bqfs_askForSupplies2
$player.fleetLowCR
$player.supplies < 10
Commission isCargoPodsScam","$option = bqfs_askForSuppliesScam 0
FireBest DialogOptionSelected","Something comes up, $hisOrHer eyes narrow, expression growing harder. More tapping. Then $heOrShe turns to you, frowning.",,
#  bqfsAskedForSuppliesScam2generic,DialogOptionSelected,$option == bqfs_askForSuppliesScam,"$option = bqfs_askForSuppliesScamOut 0
FireBest DialogOptionSelected","Something comes up, $hisOrHer eyes narrow, expression growing harder. More tapping. Then $heOrShe turns to you, frowning.

""You don't become the $post without having seen a few tricks over the cycles. I just didn't expect a captain bearing a $faction commission to attempt the old cargo dump on me.""

$HeOrShe sighs, shaking his or her head. ""I'm flagging your commission ID for a cycle. Now get off my comms.""",,
#  bqfsAskedForSuppliesScamHeg,DialogOptionSelected,"$option == bqfs_askForSuppliesScam
$faction.id == hegemony","$option = bqfs_askForSuppliesScamOut 0
FireBest DialogOptionSelected","""I'm a $post for the Hegemony, not some two-credit League world. I've seen the old dump-the-cargo done by an upstart who thinks they're more clever than the system before, and I will again. You should be hauled before a court martial. But lucky you, I've got enough paperwork, so I'm going to pretend this was one big, stupid mistake.""

$HeOrShe sighs, shaking his or her head. ""I'm flagging your commission ID for a cycle. Now get off my comms.""",,
#  bqfsAskedForSuppliesScamTT,DialogOptionSelected,"$option == bqfs_askForSuppliesScam
$faction.id == tritachyon","$option = bqfs_askForSuppliesScamOut 0
FireBest DialogOptionSelected","""I see your trick, captain, and while I admire your drive to maximize profit, I cannot respect that you're too incompetent to dump your supplies further afield before requesting assistance. You understand that if I was found misappropriating Tri-Tachyon property, they'd bond me into debt-service? I've got wealth, but not much. It'd be life.""

$HeOrShe sighs, shaking his or her head. ""I'm flagging your commission ID for a cycle. Now get off my comms.""",,
#  bqfsAskedForSuppliesScamChurch,DialogOptionSelected,"$option == bqfs_askForSuppliesScam
$faction.id == luddic_church","$option = bqfs_askForSuppliesScamOut 0
FireBest DialogOptionSelected","""I may walk with Ludd, but you don't become the $post by taking every spacer's word on faith alone. I'd hoped a captain commissioned by the Church would never attempt a cargo dump scam on me, but here you are.""

$HeOrShe sighs, shaking his or her head. ""I'm flagging your commission for a cycle, that you might reflect and pray for forgiveness. Now remove your sinning face from my comms.""",,
#  bqfsAskedForSuppliesScamLeague,DialogOptionSelected,"$option == bqfs_askForSuppliesScam
$faction.id == persean","$option = bqfs_askForSuppliesScamOut 0
FireBest DialogOptionSelected","""I'm no gens-get, captain; I earned my position by serving from Laicaille to Salamanca and I didn't become $post because I'm a fool. I just didn't expect a League captain to attempt the old smuggler's dump on me.""

$HeOrShe sighs, shaking his or her head. ""I'm flagging your commission ID for a cycle. Now get off my comms.""",,
#  bqfsAskedForSuppliesScamSD,DialogOptionSelected,"$option == bqfs_askForSuppliesScam
$faction.id == sindrian_diktat","$option = bqfs_askForSuppliesScamOut 0
FireBest DialogOptionSelected","""You don't become the $post here without knowing a few tricks employed by terrorists and smugglers. I'd have expected if you'd pledged to the Sindrian Diktat you'd know better than to attempt the old cargo dump scam. Stars beyond, you'd get us both sent to Cruor!""

$HeOrShe sighs, shaking his or her head. ""I'm flagging your commission ID for a cycle. You'd best hope the Spider doesn't take an interest. Now get off my comms.""",,
#  bqfsAskedForSuppliesScamOut,DialogOptionSelected,$option == bqfs_askForSuppliesScamOut,"AdjustRepActivePerson -2
$faction.playerReceivedCommissionResupply = true 365
$faction.playerReceivedCommissionResupplyOn = $global.daysSinceStart
$playerAttemptedCargoPodScam = true
$player.attemptedComSupCargoPodScamEver = true
$ignorePlayerCommRequests = true 7",,cutCommLink:Cut the comm link,
#  bqfsAskedForSuppliesAcceptA,DialogOptionSelected,"$option == bqfs_askForSupplies2
$player.fleetLowCR
$player.supplies < 10",,"""Hmm. Your $shipOrFleet is in decent shape, but your readiness has suffered. Seeing as how you bear a $faction commission, it looks like I might be able to justify providing you with assistance.""

$HeOrShe gives you a severe look. ""Are you sure you want to call this in now? A commissioned captain is only authorized to receive emergency supplies once per cycle.""","bqfs_receiveSupplies:""I need supplies. Badly.""
bqfs_receiveSuppliesAbort:""No, I'll do without.""",
#  bqfsAskedForSuppliesAcceptAbort,DialogOptionSelected,$option == bqfs_receiveSuppliesAbort,FireAll PopulateOptions,The $post simply nods.,,
#  bqfsAskedForSuppliesAcceptB,DialogOptionSelected,"$option == bqfs_askForSupplies2
$player.fleetDamaged score:2
$player.supplies < 10",,"""It looks like your $shipOrFleet has taken some hits. Seeing as how you bear a $faction commission, it looks like I can justify providing you with assistance.""",bqfs_receiveSupplies:Continue,
#  bqfsAskedForSuppliesAcceptC,DialogOptionSelected,"$option == bqfs_askForSupplies2
$player.fleetDamaged
$player.fleetDamagedLots score:2
$player.supplies < 10",,"""Your $shipOrFleet has taken some serious damage. You have a $faction commission and this is a clear case of need, so I shall provide you with emergency supplies.""",bqfs_receiveSupplies:Continue,
#  bqfsAskedForSuppliesDecline,DialogOptionSelected,$option == bqfs_askForSupplies2,"FireAll PopulateOptions
RemoveOption bqfs_askForSupplies","""Looks like you've got a handle on your $shipOrFleet's upkeep. I'll not give supplies away for them to end up on the black market.""

$HeOrShe holds up one rough hand, ""Not accusing you, captain. It's simply a matter of policy that I must justify any emergency supply transfer. If I can't prove they're used to serve $faction interests, then I have to answer for the expense.""",,
#  bqfsASkedForSuppliesDeclineColony,DialogOptionSelected,"$option == bqfs_askForSupplies2
$player.numColonies > 0 score:100","AdjustRepActivePerson -1
FireAll PopulateOptions
RemoveOption bqfs_askForSupplies","$HeOrShe back looks to you, perplexed. ""You own your own planet and you've come to me begging for supplies?""

""I'll count this as a joke in poor taste, $playerSirOrMadam.""

$HeOrShe doesn't look amused, and doesn't manage to imbue $hisOrHer words with quite the tone of respect $hisOrHer words alone would imply.",,
#  bqfsAskedForSuppliesAccept2,DialogOptionSelected,$option == bqfs_receiveSupplies,"AddRemoveCommodity supplies 60
$faction.playerReceivedCommissionResupply = true 365
$faction.playerReceivedCommissionResupplyOn = $global.daysSinceStart
FireAll PopulateOptions
RemoveOption bqfs_askForSupplies","You make the arrangements, and before the passing of a workshift, a small batch of emergency supplies is transferred to your $shipOrFleet for repairs.

""The funds you receive from $theFaction are meant to cover operational expenses,"" $unsf_argo_shadyName says brusquely. ""Your commission ID will be flagged for one full cycle due to this emergency supply transfer, so don't make a habit of not having a backup plan.""",,
,,,,,,
"#All Triggers - PopulateOptions DialogOptionSelected OpenInteractionDialog OpenCommLink PickGreeting NewGameOptionSelected
NPCCommsRequest MarketPostOpen ConfirmNPCWantsToTalk PostGroundRaid PickGreetingActiveBeginNewGameCreation BeginFleetEncounter
",ShowImageVisual NAME,"Leaving options - defaultLeave:Leave (full leave), cutCommLinkNoText:Continue (leave to station menu),
cutCommLinkPolite:Cut the comm link, cutCommLink:Cut the comm link","Call (MARKET | GLOBAL) (updateData | updateStage | showMap ""Text"" | CUSTOM)
CallEvent","SetShortcut nskr_kestevenQuestCancel ""ESCAPE""",,
#Shady SHEPPARD INTERACTION,,,,,,
unsfShadyGreet,PickGreeting,"$isPerson
$id == unsf_shady
!$player.unsf_argo_shady_greet","$player.unsf_argo_shady_greet = true
SetTextHighlights ""unaffiliated""
ShowPersonVisual
UNSFCMD startMission
Call $global.unsf_argonauts updateData","An avatar of a $ManOrWoman appears on the screen ""Hey $player.firstName, a spacer like you has just the,"" $heOrShe pauses, trying to come up with a word, ""reputation, i'm looking for.""

""I'm $name, and a friend of mine is in need of assistance from an unaffiliated third party fleet."" That would be you. ""It's vital that the fleet in question is only interested in our, or their own, success."" You feel like $heOrShe's done some research on who you are, for better or worse.",unsfShadyShuttle:I guess I've been around here and there.,
unsfShadyAfter,PickGreeting,"$isPerson
$id == unsf_shady
$player.unsf_argo_shady_greet
!$market.unsf_argo_shady_meet","$option = unsfShadyShuttle
FireBest DialogOptionSelected
ShowPersonVisual","The $ManOrWoman gives you a relieved look, ""Glad to see you back.""",,
unsfShadyShuttle,DialogOptionSelected,$option == unsfShadyShuttle,"SetOptionColor unsfShadyMeet1 highlight
$player.unsf_argo_shady_greet = true","$unsf_argo_shadyName nods down to her TriPad, ""The information is rather sensitive, so I would prefer if we talked in person.""
As $heOrShe sends over coordinates on $entity.name for your meeting, you ponder if the trouble $HisOrHer 'friend' got into is worth your time.","unsfShadyMeet1:Take a shuttle down to meet Shady
cutCommLinkPolite:""Not right now."" [Cut the comm link]
unsfShadyRefuse:""I'm not interested"" [Terminate quest]",
unsfShadyRefuse,DialogOptionSelected,$option == unsfShadyRefuse,"$player.unsf_argo_failed = true
Call $global.unsf_argonauts refuse","A disappointed look washes over $HisOrHer face, ""Hm, looks like it's back to doing business with pirate-salvagers...""
Without any more hesitation, the avatar dissapears.",cutCommLinkPolite:Cut the comm link,
,,,,,,
unsfShadyMeet1,DialogOptionSelected,$option == unsfShadyMeet1,"ShowLargePlanet
Call $global.unsf_argonauts accept
SetTextHighlights ""'planetary city'""","The station is so much bigger than it looks from deep space. Despite its intended use as a space vessel, it's surprisingly uncramped, which adds to it's 'planetary city' feel. You walk with several bodyguards through many corridors, hallways, teleporters, all designed for civilian use. You use one and find yourself at a loading dock. $unsf_argo_shadyName should be around here.

The crowd isn't particularly dense, and you're able to discern the people who care about being seen. A $unsf_argo_shadySex stares at you a bit longer than others, and after glancing back, you realise $unsf_argo_shadyHeOrShe's the one you've been looking for.","unsfShadyMeet2:$unsf_argo_shadyName, I presume.",
unsfShadyMeet2,DialogOptionSelected,$option == unsfShadyMeet2,"ShowPersonVisual
$player.unsf_argo_shady_meet = true
Call $global.unsf_argonauts updateData","The $unsf_argo_shadySex looks over the shoulders of you and your bodyguards, ""Might as well 've brought an army at this point,"" $unsf_argo_shadyHeOrShe rolls her eyes ""I swear, if I get in trouble for this...""

$unsf_argo_shadyName realizes yelling at you will just draw more attention. ""Anyway,"" $unsf_argo_shadyHeOrShe exhales...",unsfShadyMeet3:Continue,
unsfShadyMeet3,DialogOptionSelected,$option == unsfShadyMeet3,"SetTextHighlights ""TriTach"" ""any point""","""One of my long-time friends does research for an UNSF engineering company that collaborates with TriTach. Recently, they've started working on a new engine prototype, that uses accelerated particle-antiparticle pairs to cause an energy-dense fissi-"" $unsf_argo_shadyHeOrShe stumbles on $unsf_argo_shadyHisOrHer works, ""or was it fusion-"" then shrugs briefly.

As you can see, $unsf_argo_shadyHeOrShe rehearsed at least some of it. ""Anyway, this engine would be able to warp a ship into hyperspace from any point in regular space.""","unsfShadyMeet4:""So a warp drive? Like the kind that brought you here?""",
unsfShadyMeet4,DialogOptionSelected,$option == unsfShadyMeet4,FireBest unsfShadyTJResponse,"""Similar,"" $unsf_argo_shadyName nods, ""although a bit limited and on a much smaller scale. Opening the wormhole would consume a lot of AM fuel, but in turn, let a fleet enter and exit any system freely!""",,
unsfShadyMeet4Known,unsfShadyTJResponse,$player.ability:fracture_jump,,,"unsfShadyMeet5:""That sounds similar to a Transverse Jump I can do!""",
unsfShadyMeet4Unknown,unsfShadyTJResponse,!$player.ability:fracture_jump,,,"unsfShadyMeet5:""Doesn't that give any fleet using it a huge tactical advantage?""",
unsfShadyMeet5,DialogOptionSelected,$option == unsfShadyMeet5,"SetTextHighlights ""home""","""That it does!"" $unsf_argo_shadyName looks somewhat surprised of your experience with the subject matter, ""But it has a lot more uses, past the dreams of an ordinary salvager.""

""Understanding the rules that govern this universe's cross-dimensional transit might let us escape the madness that's come over this sector, or better yet"", $unsf_argo_shadyHeOrShe pauses, you can almost see a smirk form on $unsf_argo_shadyHisOrHer face, ""travel back home.""

It's unclear whether $unsf_argo_shadyHeOrShe actually believes this specific project is capable of that...","unsfShadyMeet6:""Sounds like something worth looking into.""",
unsfShadyMeet6,DialogOptionSelected,$option == unsfShadyMeet6,"SetTextHighlights ""fuel"" ""$unsf_argo_baseDist ly"" ""$unsf_argo_baseName""
Call $global.unsf_argonauts showMap ""Target: $unsf_argo_baseName""
AddRemoveCommodity fuel 1000","""Funny,"" $unsf_argo_shadyHeOrShe softly grins, ""I said the same thing the first time I heard of it.""

""Last $unsf_argo_sciHeOrShe checked in, $unsf_argo_sciName was $unsf_argo_baseOnOrAt $unsf_argo_baseName, about $unsf_argo_baseDist ly away. Head there, provide the assistance she requested, and report back.""

$unsf_argo_shadyName gives you a disappointed look, ""I'm not able to provide you any compensation for what's to come, but I do have some fuel you may use for your journey!""

She waves you goodbye as you part ways ""Godspeed, $player.firstName!""",cutCommLinkNoText:Stroll back to your shuttle,
,,,,,,
unsfSciGreet,PickGreeting,"$isPerson
$id == unsf_scientist
$player.unsf_argo_shady_meet
!$player.unsf_argo_sci_talk1
","$player.unsf_argo_sci_talk1 = true
Call $global.unsf_argonauts updateData",*Scientist says hi and asks if you were the one Shady sent*,unsfSciTaskExplore:Continue1,
unsfSciTaskExplore,DialogOptionSelected,$option == unsfSciTaskExplore,"Call $global.unsf_argonauts showMap ""Target: $unsf_argo_const""",*Scientist gives you directions to constellation with abandoned station*,cutCommLinkPolite:Continue2,
,,,,,,
,,,,,,
,,,,,,
,,,,,,
unsfStationApproach,OpenInteractionDialog,"$unsf_argo_station score:1000
$id == unsf_argo_station","$player.unsf_argo_explore = true
Call $global.unsf_argonauts updateData
ShowImageVisual space_wreckage","Your $shipOrFleet approaches the abandoned station.

The structure resembles a Tri-Tachyon research facility, with what seem like additional modules attached over time.",unsfStationExplore1:Explore the station,
unsfStationExplore1,DialogOptionSelected,$option == unsfStationExplore1,ShowImageVisual salvor_explore_hull,"Salvor teams cut through fused locks and infiltrate the station. Most of the bulkheads seem stable enough to support an atmosphere, yet the station seems to have been depressurized on purpose.

It's evident that whoever left this place, did so in a hurry, and rather than destroying the research in question, just made it tedious to get to.",unsfStationExplore2:Continue,
unsfStationExplore2,DialogOptionSelected,$option == unsfStationExplore2,ShowImageVisual salvor_ruins,"You watch as one of the teams makes it to the research lab of interest. They see the eerily familiar AI core sockets, cyber-interface chambers, and data cores... lots of them.

Seems like a lot of data was collected, but on what? And for what purpose? ""It'll take us a while to analyze these, boss. From the looks of it, about a forth of the data is encrypted, and another fourth is straight up gone!""",unsfStationExplore3:How much time will it take?,
unsfStationExplore3,DialogOptionSelected,$option == unsfStationExplore3,FireBest unsfStationExplore4,"""10, maybe 12 hours, a while."" The tech tries to put it in the best way possible. ""Usually we'd just take these and scan them after, but disconnecting these out of order may corrupt the rest of the data.""",,
unsfStationExplore4HasAI,DialogOptionSelected,"$option == unsfStationExplore4
PlayerHasCargo beta_core score:1000",,,"unsfStationExplore5Wait:Find something to do for the rest of the day.
unsfStationExplore5UseAI:Plug in a semi-intelligent AI core to help with data mining.",
unsfStationExplore4NoAI,DialogOptionSelected,$option == unsfStationExplore4,"SetEnabled unsfStationExplore5NoAI false
SetTooltip unsfStationExplore5NoAI ""Requires a beta-level AI core.""",,"unsfStationExplore5Wait:Find something to do for the rest of the day.
unsfStationExplore5UseAI:Plug in a semi-intelligent AI core to help with data mining.",
unsfStationExplore5Wait,DialogOptionSelected,$option == unsfStationExplore5Wait,,"The next several hours are as tense as they are boring. You wait for your tech officer to give the all clear, while keeping watch on the sensors for unwanted guests. After what feels like a cycle of trying to keep your eyes open, his voice finally comes through. ""I think we got everything, heading back now!""",unsfStationExplore6:Better now than never!,
unsfStationExplore5UseAI,DialogOptionSelected,$option == unsfStationExplore5UseAI,$player.unsf_argo_used_ai = true,"Making use of the AI interface sockets, you bring in a beta core to help the techs crack this data repository. It's smart enough to fill in the gaps and run decryption algorithms, but doesn't care nearly enough to sabotage or relay the data in question.

The whole mess is sorted before the hour is up, and the AI core is placed back into your holding cell.",unsfStationExplore6:Well that was quick!,
unsfStationExplore6,DialogOptionSelected,$option == unsfStationExplore6,"EndConversation
ShowDefaultVisual
$salvageLeaveText = Leave 0
FireBest CheckSalvageSpecial
FireBest OpenInteractionDialog",The tech team returns to your $shipOrFleet and let the salvor crews ,cutCommLinkPolite:Proceed,
,,,,,,
,,,,,,
,,,,,,
,,,,,,
,,,,,,
,,,,,,
unsfSciReport,PickGreeting,"$isPerson
$id == unsf_scientist
$player.unsf_argo_explore
!$player.unsf_argo_sci_talk2
","$player.unsf_argo_sci_talk2 = true
Call $global.unsf_argonauts updateData",*Scientist welcomes you back and asks to see what you found*,unsfSciTaskJump:Continue1,
unsfSciTaskJump,DialogOptionSelected,$option == unsfSciTaskJump,"Call $global.unsf_argonauts showMap ""Target: $unsf_argo_star""",*Scientist asks you to collect additional data at a black hole*,cutCommLinkPolite:Continue2,
,,,,,,
,,,,,,
,,,,,,
,,,,,,
,,,,,,
,,,,,,
,,,,,,
,,,,,,
,,,,,,
,,,,,,
,,,,,,
,,,,,,
,,,,,,
,,,,,,
unsfSciResult,PickGreeting,"$isPerson
$id == unsf_scientist
$player.unsf_argo_jump
!$player.unsf_argo_sci_take
","$player.unsf_argo_sci_take = true
Call $global.unsf_argonauts updateData",*You return the data back to the scientist*,unsfSciResq:Continue1,
unsfSciTaskRescue,DialogOptionSelected,$option == unsfSciResq,"Call $global.unsf_argonauts showMap ""Target: $unsf_argo_startName""",*Scientist asks to be transported to atlantis*,cutCommLinkPolite:Continue2,
,,,,,,
unsfSciReturn,OpenInteractionDialog,"$market.id == unsf_atlantis_market
$player.unsf_argo_sci_take score:1000
!$player.unsf_argo_completed
","$player.unsf_argo_sci_take = true
Call $global.unsf_argonauts updateData",*You deliver Scientist to Shady and they thank you*,unsfShadyFinish:Continue1,
unsfShadyFinish,DialogOptionSelected,$option == unsfShadyFinish,AddAbility hyper_window,*Scientist installs you the hyper window system and Shady says buy*,cutCommLinkPolite:Continue2,
,,,,,,
,,,,,,
,,,,,,