name,id,tags,tech/manufacturer,rarity,base price,stack size,cargo space,baseRaidDanger,icon,sound id,sound id drop,plugin,plugin params,desc,order
Base ModSpec,modspec,modspec,,,1,1000,1,,graphics/icons/cargo/modspec2.png,ui_chip_pickup,ui_modspec_drop,com.fs.starfarer.api.campaign.impl.items.ModSpecItemPlugin,,"A collection of notes, guidelines, and practical examples that enable one to adapt and apply this modification to various hulls.",50
,,,,,,,,,,,,,,,
Zero Point Module,unsf_zpm,hist3t,UNSF,,42069,1000,1,EXTREME,graphics/icons/cargo/unsf_zpm.png,ui_cargo_special_ultratech_pickup,ui_cargo_special_ultratech_drop,com.fs.starfarer.api.campaign.impl.items.GenericSpecialItemPlugin,"mining, refining, farming, lightindustry, population, fuelprod, heavyindustry, orbitalworks, stargate_complex","Unlock the ultimate power source with the Zero Point Module (ZPM), a compact energy generator capable of harnessing the vacuum energy from a zero-point field. Engineered with advanced alien technology, the ZPM offers nearly unlimited power, making it an essential component for high-energy demands, such as powering starships, defensive shields, beam weapons or industries. The ZPM is self-sustaining, with no moving parts, and can operate for thousands of years without maintenance. However, it requires precise integration and handling, as its power output is immense. Ideal for any advanced civilization looking to maintain peak operational efficiency.",200
,,,,,,,,,,,,,,,
# blueprints,,,,,,,,,,,,,,,
UNSF Blueprint Package - HULLS,unsf_blueprint_hull,package_bp,,,1000000,1000,1,,graphics/icons/cargo/unsf_blueprint.png,ui_chip_pickup,ui_bp_package_drop,com.fs.starfarer.api.campaign.impl.items.MultiBlueprintItemPlugin,unsf_bp_hull,"Enables heavy industry to construct the more common ship hulls, weapons, and fighter LPCs from the ""low tech"" school of design.",200
UNSF Blueprint Package - WINGS,unsf_blueprint_wing,package_bp,,,1000000,1000,1,,graphics/icons/cargo/unsf_blueprint.png,ui_chip_pickup,ui_bp_package_drop,com.fs.starfarer.api.campaign.impl.items.MultiBlueprintItemPlugin,unsf_bp_wing,"Enables heavy industry to construct the more common ship hulls, weapons, and fighter LPCs from the ""low tech"" school of design.",200
UNSF Blueprint Package - WEAPONS,unsf_blueprint_wpn,package_bp,,,1000000,1000,1,,graphics/icons/cargo/unsf_blueprint.png,ui_chip_pickup,ui_bp_package_drop,com.fs.starfarer.api.campaign.impl.items.MultiBlueprintItemPlugin,unsf_bp_wpn,"Enables heavy industry to construct the more common ship hulls, weapons, and fighter LPCs from the ""low tech"" school of design.",200
,,,,,,,,,,,,,,,
,,,,,,,,,,,,,,,
,,,,,,,,,,,,,,,
,,,,,,,,,,,,,,,
,,,,,,,,,,,,,,,
,,,,,,,,,,,,,,,
,,,,,,,,,,,,,,,
# blueprints,,,,,,,,,,,,,,,
# Low Tech Blueprint Package,low_tech_package,package_bp,,,20000,1000,1,,graphics/icons/cargo/blueprint_lowtech.png,ui_chip_pickup,ui_bp_package_drop,com.fs.starfarer.api.campaign.impl.items.MultiBlueprintItemPlugin,lowtech_bp,"Enables heavy industry to construct the more common ship hulls, weapons, and fighter LPCs from the ""low tech"" school of design.",200
# Midline Blueprint Package,midline_package,package_bp,,,25000,1000,1,,graphics/icons/cargo/blueprint_midline.png,ui_chip_pickup,ui_bp_package_drop,com.fs.starfarer.api.campaign.impl.items.MultiBlueprintItemPlugin,midline_bp,"Enables heavy industry to construct the more common ship hulls, weapons, and fighter LPCs from the ""midline"" school of design.",210
# High Tech Blueprint Package,high_tech_package,package_bp,,,30000,1000,1,,graphics/icons/cargo/blueprint_hightech.png,ui_chip_pickup,ui_bp_package_drop,com.fs.starfarer.api.campaign.impl.items.MultiBlueprintItemPlugin,hightech_bp,"Enables heavy industry to construct the more common ship hulls, weapons, and fighter LPCs from the ""high tech"" school of design.",220
# Missile Blueprint Package,missile_package,package_bp,,,20000,1000,1,,graphics/icons/cargo/blueprint_missile.png,ui_chip_pickup,ui_bp_package_drop,com.fs.starfarer.api.campaign.impl.items.MultiBlueprintItemPlugin,missile_bp,Enables heavy industry to construct a range of the more common missile weapons.,230
# Pirate Blueprint Package,pirate_package,package_bp,,,15000,1000,1,,graphics/icons/cargo/blueprint_basic.png,ui_chip_pickup,ui_bp_package_drop,com.fs.starfarer.api.campaign.impl.items.MultiBlueprintItemPlugin,pirate_bp,"A collection of hacks, after-market modification specs, and partially successful attempts at corrupted blueprint recovery. Enables heavy industry to construct the low quality but combat-capable hulls more commonly used by pirates and other undesirables.",240
# Luddic Path Blueprint Package,LP_package,package_bp,,,18000,1000,1,,graphics/icons/cargo/blueprint_basic.png,ui_chip_pickup,ui_bp_package_drop,com.fs.starfarer.api.campaign.impl.items.MultiBlueprintItemPlugin,LP_bp,A collection of hacks and after-market modification specs that enables heavy industry to construct the hulls more commonly used by members of the Luddic Path.,250
# Luddic Church Blueprint Package,LC_package,package_bp,,,15000,1000000,1,,graphics/icons/cargo/blueprint_basic.png,ui_chip_pickup,ui_bp_package_drop,com.fs.starfarer.api.campaign.impl.items.MultiBlueprintItemPlugin,LC_bp,"A collection of hacks and after-market modification specs that enables heavy industry to construct hulls bearing Luddic Church markings. Since the modifications are cosmetic in nature, the hulls produced are otherwise pristine.",260
# XIV Battlegroup Blueprint Package,XIV_package,"package_bp, no_drop",,,1000000,1000,1,,graphics/icons/cargo/blueprint_basic.png,ui_chip_pickup,ui_bp_package_drop,com.fs.starfarer.api.campaign.impl.items.MultiBlueprintItemPlugin,XIV_bp,A set of blueprints that enable heavy industry to produce the near-legendary hulls employed by the Hegemony-founding XIV Battlegroup. The continued existence - and location - of these blueprints is subject of many rumors.,270
# Hegemony Auxiliary Blueprint Package,heg_aux_package,package_bp,,,20000,1000,1,,graphics/icons/cargo/blueprint_basic.png,ui_chip_pickup,ui_bp_package_drop,com.fs.starfarer.api.campaign.impl.items.MultiBlueprintItemPlugin,heg_aux_bp,"A collection of modified blueprints that bring several civilian craft up to mil-spec or simply add Hegemony markings. Created shortly after the Collapse, some of these blueprints improve hull performance without the increased incidence of d-mods associated with later blueprint hacking efforts.",280
,,,,,,,,,,,,,,,
,,,,,,,,,,,,,,,
,,,,,,,,,,,,,,,
# Base Ship Blueprint,ship_bp,single_bp,,,10000,1000,1,,graphics/icons/cargo/blueprint_shiphull.png,ui_chip_pickup,ui_ship_bp_drop,com.fs.starfarer.api.campaign.impl.items.ShipBlueprintItemPlugin,,Enables heavy industry to construct ship hulls described by this blueprint.,300
# Base Weapon Blueprint,weapon_bp,single_bp,,,2000,1000,1,,graphics/icons/cargo/blueprint_weapons.png,ui_chip_pickup,ui_weapon_bp_drop,com.fs.starfarer.api.campaign.impl.items.WeaponBlueprintItemPlugin,,Enables heavy industry to construct ship weapons described by this blueprint.,310
# Base Fighter Blueprint,fighter_bp,single_bp,,,3000,1000,1,,graphics/icons/cargo/blueprint_fighter.png,ui_chip_pickup,ui_fighter_bp_drop,com.fs.starfarer.api.campaign.impl.items.FighterBlueprintItemPlugin,,Enables heavy industry to construct fighter LPCs described by this blueprint.,320
,,,,,,,,,,,,,,,